city;city_ascii;lat;lng;pop;country;iso2;iso3;province
Bregenz;Bregenz;47,51669707;9,766701588;26928;Austria;AT;AUT;Vorarlberg
Eisenstadt;Eisenstadt;47,83329908;16,53329747;13165;Austria;AT;AUT;Burgenland
Wiener Neustadt;Wiener Neustadt;47,81598187;16,24995357;60621,5;Austria;AT;AUT;Niederösterreich
Graz;Graz;47,0777582;15,41000484;242780;Austria;AT;AUT;Steiermark
Klagenfurt;Klagenfurt;46,62034426;14,3100203;88588;Austria;AT;AUT;Kärnten
Linz;Linz;48,31923281;14,28878129;265161,5;Austria;AT;AUT;Oberösterreich
Passau;Passau;48,56704714;13,46660925;50000;Austria;AT;AUT;Oberösterreich
Salzburg;Salzburg;47,81047833;13,0400203;178274;Austria;AT;AUT;Salzburg
Innsbruck;Innsbruck;47,28040733;11,4099906;133840,5;Austria;AT;AUT;Tirol
Vienna;Vienna;48,20001528;16,36663896;2065500;Austria;AT;AUT;Wien
Mons;Mons;50,44599911;3,939003561;91277;Belgium;BE;BEL;Hainaut
Hasselt;Hasselt;50,96400317;5,483997561;69222;Belgium;BE;BEL;Limburg
Arlon;Arlon;49,68330313;5,816700472;26179;Belgium;BE;BEL;Arlon
Gent;Gent;51,02999758;3,700021931;337914,5;Belgium;BE;BEL;East Flanders
Liege;Liege;50,62999615;5,580010537;472803;Belgium;BE;BEL;Liege
Brugge;Brugge;51,22037355;3,230024779;131589;Belgium;BE;BEL;Brugge
Namur;Namur;50,47039349;4,870028034;97155,5;Belgium;BE;BEL;Namur
Charleroi;Charleroi;50,42039654;4,450001992;272749,5;Belgium;BE;BEL;Charleroi
Antwerpen;Antwerpen;51,22037355;4,415017048;689902,5;Belgium;BE;BEL;Antwerp
Brussels;Brussels;50,83331708;4,333316608;1381011;Belgium;BE;BEL;Brussels
Usti Nad Labem;Usti Nad Labem;50,66299816;14,08100455;94105;Czech Republic;CZ;CZE;Liberecký
Hradec Kralove;Hradec Kralove;50,20599617;15,81200153;95195;Czech Republic;CZ;CZE;Královéhradecký
Ceske Budejovice;Ceske Budejovice;48,98001935;14,46003699;97452;Czech Republic;CZ;CZE;Jihoceský
Liberec;Liberec;50,79995994;15,07999914;99972,5;Czech Republic;CZ;CZE;Liberecký
Olomouc;Olomouc;49,63003135;17,24999589;97829;Czech Republic;CZ;CZE;Moravskoslezský
Pizen;Pizen;49,74043805;13,36000077;161043;Czech Republic;CZ;CZE;Karlovarský
Jihlava;Jihlava;49,40038129;15,58332759;52010,5;Czech Republic;CZ;CZE;Kraj Vysocina
Zlin;Zlin;49,2304175;17,65002315;101893,5;Czech Republic;CZ;CZE;Kraj Vysocina
Brno;Brno;49,20039349;16,60998328;378918;Czech Republic;CZ;CZE;Kraj Vysocina
Pardubice;Pardubice;50,04041974;15,76000932;97902,5;Czech Republic;CZ;CZE;Královéhradecký
Ostrava;Ostrava;49,83035504;18,24998653;396025,5;Czech Republic;CZ;CZE;Moravskoslezský
Prague;Prague;50,08333701;14,46597978;582043,5;Czech Republic;CZ;CZE;Prague
Annecy;Annecy;45,89997479;6,116670287;77490,5;France;FR;FRA;Rhône-Alpes
Roanne;Roanne;46,03332583;4,066666218;56577,5;France;FR;FRA;Rhône-Alpes
Roura;Roura;4,729981302;-52,33002059;2069,5;France;GF;FRA;Guinaa
Sinnamary;Sinnamary;5,380019144;-52,95998214;2781,5;France;GF;FRA;Guinaa
St,-Brieuc;St,-Brieuc;48,51666262;-2,783303265;52998,5;France;FR;FRA;Bretagne
Poitier;Poitier;46,58329226;0,333276529;85383,5;France;FR;FRA;Poitou-Charentes
Angers;Angers;47,48000755;-0,530029949;178329,5;France;FR;FRA;Pays de la Loire
Biarritz;Biarritz;43,47327537;-1,561594891;89268;France;FR;FRA;Aquitaine
Aix-en-Provence;Aix-en-Provence;43,51999086;5,449992634;145309;France;FR;FRA;Provence-Alpes-Côte-d'Azur
Perpignan;Perpignan;42,69998924;2,899967406;128663;France;FR;FRA;Languedoc-Roussillon
Tarbes;Tarbes;43,23329002;0,083343464;53480;France;FR;FRA;Midi-Pyrénées
Clermont-Ferrand;Clermont-Ferrand;45,77998212;3,080008096;185865,5;France;FR;FRA;Auvergne
Melun;Melun;48,53330243;2,666648314;144192,5;France;FR;FRA;Île-de-France
Arras;Arras;50,28332481;2,783333698;55608,5;France;FR;FRA;Nord-Pas-de-Calais
Besancon;Besancon;47,22999697;6,03000891;124193;France;FR;FRA;Franche-Comté
Saint-Georges;Saint-Georges;3,9104706;-51,81000065;1558;France;GF;FRA;Amapá
Saint-Etienne;Saint-Etienne;45,43039105;4,380032103;220982;France;FR;FRA;Rhône-Alpes
Grenoble;Grenoble;45,18038047;5,720001992;273563;France;FR;FRA;Rhône-Alpes
Fort-de-France;Fort-de-France;14,6104118;-61,08002914;172622;France;MQ;FRA;Martinique
Saint-Laurent-du-Maroni;Saint-Laurent-du-Maroni;5,497624081;-54,03253459;20850,5;France;GF;FRA;Guinaa
Iracoubo;Iracoubo;5,480426452;-53,21999211;881;France;GF;FRA;Guinaa
Cherbourg;Cherbourg;49,65039187;-1,649987428;60991;France;FR;FRA;Basse-Normandie
Caen;Caen;49,18375368;-0,349989259;150361,5;France;FR;FRA;Basse-Normandie
Lorient;Lorient;47,75040448;-3,366575156;71532;France;FR;FRA;Bretagne
Brest;Brest;48,39044293;-4,49500757;142914;France;FR;FRA;Bretagne
Le Mans;Le Mans;48,00041506;0,099983275;143392,5;France;FR;FRA;Pays de la Loire
Nantes;Nantes;47,21038576;-1,590016929;357903;France;FR;FRA;Pays de la Loire
Agen;Agen;44,20041445;0,633335733;46295;France;FR;FRA;Aquitaine
Ajaccio;Ajaccio;41,92706484;8,728293822;46905;France;FR;FRA;Corse
Bastia;Bastia;42,70316734;9,450006875;40558,5;France;FR;FRA;Corse
Toulon;Toulon;43,13418645;5,918821566;263197;France;FR;FRA;Provence-Alpes-Côte-d'Azur
Beziers;Beziers;43,35049217;3,209974323;77759,5;France;FR;FRA;Languedoc-Roussillon
Montpellier;Montpellier;43,61039878;3,869985716;287753;France;FR;FRA;Languedoc-Roussillon
Nimes;Nimes;43,83038535;4,350008096;158891,5;France;FR;FRA;Languedoc-Roussillon
Vichy;Vichy;46,117145;3,416680052;35088,5;France;FR;FRA;Auvergne
Nevers;Nevers;46,98373293;3,166669473;44958,5;France;FR;FRA;Bourgogne
Auxerre;Auxerre;47,80042727;3,566593382;38034;France;FR;FRA;Bourgogne
Dijon;Dijon;47,33040428;5,030018268;159864;France;FR;FRA;Bourgogne
Bourges;Bourges;47,08372683;2,399997923;70163,5;France;FR;FRA;Centre
Tours;Tours;47,38037539;0,699946654;188858,5;France;FR;FRA;Centre
Orleans;Orleans;47,90042116;1,900028441;170725;France;FR;FRA;Centre
Dieppe;Dieppe;49,93373374;1,083334105;39084;France;FR;FRA;Haute-Normandie
Rouen;Rouen;49,43040529;1,079975137;321417,5;France;FR;FRA;Haute-Normandie
Versailles;Versailles;48,80046958;2,133347533;85416;France;FR;FRA;Île-de-France
Brive;Brive;45,15040814;1,533332477;54457;France;FR;FRA;Limousin
Troyes;Troyes;48,34039431;4,083357705;61244;France;FR;FRA;Champagne-Ardenne
Reims;Reims;49,25039044;4,029975951;177939;France;FR;FRA;Champagne-Ardenne
Calais;Calais;50,95041587;1,833314167;83317;France;FR;FRA;Nord-Pas-de-Calais
Amiens;Amiens;49,90037661;2,300004027;118908,5;France;FR;FRA;Picardie
Mulhouse;Mulhouse;47,75040448;7,34998002;163442;France;FR;FRA;Alsace
Nancy;Nancy;48,68368085;6,200024372;187155;France;FR;FRA;Lorraine
Metz;Metz;49,1203467;6,180025593;266550;France;FR;FRA;Lorraine
Pointe-a-Pitre;Pointe-a-Pitre;16,24147504;-61,5329989;81887,5;France;GP;FRA;Guadeloupe
Basse-terre;Basse-terre;16,23039044;-61,43998132;307;France;GP;FRA;Guadeloupe
St,-Benoit;St,-Benoit;-21,03351072;55,71281612;23979;France;RE;FRA;La Réunion
Dzaoudzi;Dzaoudzi;-12,78708901;45,27500362;23099;France;YT;FRA;Moyotte
Rennes;Rennes;48,10002138;-1,670012046;204329,5;France;FR;FRA;Bretagne
Nice;Nice;43,71501772;7,265023965;632810;France;FR;FRA;Provence-Alpes-Côte-d'Azur
Toulouse;Toulouse;43,61995892;1,449926716;640027,5;France;FR;FRA;Midi-Pyrénées
Limoges;Limoges;45,82997906;1,249990599;146687,5;France;FR;FRA;Limousin
Lille;Lille;50,64996909;3,080008096;636164;France;FR;FRA;Nord-Pas-de-Calais
Strasbourg;Strasbourg;48,57996625;7,750007282;357408,5;France;FR;FRA;Alsace
Kourou;Kourou;5,159980895;-52,64994938;22425,5;France;GF;FRA;Guinaa
La Rochelle;La Rochelle;46,16665102;-1,149992108;76903,5;France;FR;FRA;Poitou-Charentes
Bordeaux;Bordeaux;44,85001304;-0,595013063;517422;France;FR;FRA;Aquitaine
Marseille;Marseille;43,28997906;5,37501013;1097405,5;France;FR;FRA;Provence-Alpes-Côte-d'Azur
Le Havre;Le Havre;49,50497438;0,104970051;214048;France;FR;FRA;Haute-Normandie
St,-Denis;St,-Denis;-20,87889484;55,44807776;163621;France;RE;FRA;La Réunion
Lyon;Lyon;45,77000856;4,830030475;947658,5;France;FR;FRA;Rhône-Alpes
Cayenne;Cayenne;4,932992166;-52,33002059;57179,5;France;GF;FRA;Guinaa
Paris;Paris;48,86669293;2,333335326;4957588,5;France;FR;FRA;Île-de-France
Mainz;Mainz;49,98247246;8,273219156;184997;Germany;DE;DEU;Rheinland-Pfalz
Schwerin;Schwerin;53,63330408;11,41669861;96641;Germany;DE;DEU;Mecklenburg-Vorpommern
Bielefeld;Bielefeld;52,02998822;8,530011351;311739,5;Germany;DE;DEU;Nordrhein-Westfalen
Dortmund;Dortmund;51,52996706;7,450025593;588462;Germany;DE;DEU;Nordrhein-Westfalen
Duisburg;Duisburg;51,42997316;6,750016641;882381;Germany;DE;DEU;Nordrhein-Westfalen
Wuppertal;Wuppertal;51,25000999;7,169991006;562997,5;Germany;DE;DEU;Nordrhein-Westfalen
Essen;Essen;51,44999778;7,016615355;1157801,5;Germany;DE;DEU;Nordrhein-Westfalen
Karlsruhe;Karlsruhe;48,99999229;8,399993448;330643;Germany;DE;DEU;Baden-Württemberg
Heidelberg;Heidelberg;49,41999249;8,699975137;284967,5;Germany;DE;DEU;Baden-Württemberg
Kassel;Kassel;51,30000694;9,500029662;242212,5;Germany;DE;DEU;Hessen
Oldenburg;Oldenburg;53,1299986;8,220004434;163338;Germany;DE;DEU;Niedersachsen
Emden;Emden;53,36667666;7,216654824;49786;Germany;DE;DEU;Niedersachsen
Braunschweig;Braunschweig;52,24997479;10,5000203;239884,5;Germany;DE;DEU;Niedersachsen
Erfurt;Erfurt;50,97005292;11,02996212;189365;Germany;DE;DEU;Thüringen
Coburg;Coburg;50,26660748;10,96660681;51477,5;Germany;DE;DEU;Bayern
Augsburg;Augsburg;48,35000612;10,89999589;309092,5;Germany;DE;DEU;Bayern
Furth;Furth;49,47001528;10,99998979;174934,5;Germany;DE;DEU;Bayern
Chemnitz;Chemnitz;50,82998395;12,91997595;274931,5;Germany;DE;DEU;Sachsen
Bonn;Bonn;50,72045575;7,080022337;496834;Germany;DE;DEU;Nordrhein-Westfalen
Münster;Munster;51,97040529;7,620041055;253612,5;Germany;DE;DEU;Nordrhein-Westfalen
Düsseldorf;Dusseldorf;51,22037355;6,779988972;906196,5;Germany;DE;DEU;Nordrhein-Westfalen
Ulm;Ulm;48,40039064;9,999999144;146703;Germany;DE;DEU;Baden-Württemberg
Mannheim;Mannheim;49,50037518;8,470015013;1337587;Germany;DE;DEU;Baden-Württemberg
Freiburg;Freiburg;48,00041506;7,869948281;235427,5;Germany;DE;DEU;Baden-Württemberg
Giessen;Giessen;50,58371991;8,650004027;78384,5;Germany;DE;DEU;Hessen
Wiesbaden;Wiesbaden;50,08039146;8,250028441;444779;Germany;DE;DEU;Hessen
Bremerhaven;Bremerhaven;53,55043805;8,579982461;127598,5;Germany;DE;DEU;Bremen
Osnabrück;Osnabruck;52,28043805;8,049988972;198865;Germany;DE;DEU;Niedersachsen
Hannover;Hannover;52,36697023;9,716657266;618815;Germany;DE;DEU;Niedersachsen
Gottingen;Gottingen;51,52043276;9,920004027;130784;Germany;DE;DEU;Niedersachsen
Gera;Gera;50,87036908;12,07000199;103857;Germany;DE;DEU;Thüringen
Jena;Jena;50,93044293;11,58000606;99941,5;Germany;DE;DEU;Thüringen
Flensburg;Flensburg;54,78374778;9,433315388;91884;Germany;DE;DEU;Schleswig-Holstein
Lubeck;Lubeck;53,87039268;10,66998409;223798,5;Germany;DE;DEU;Schleswig-Holstein
Kiel;Kiel;54,33039044;10,13001705;251092,5;Germany;DE;DEU;Schleswig-Holstein
Koblenz;Koblenz;50,35047833;7,599990599;209976;Germany;DE;DEU;Rheinland-Pfalz
Saarbrucken;Saarbrucken;49,25039044;6,970003213;472871;Germany;DE;DEU;Saarland
Regensburg;Regensburg;49,02040448;12,12002478;146755;Germany;DE;DEU;Bayern
Rosenheim;Rosenheim;47,8503467;12,13330562;76488;Germany;DE;DEU;Bayern
Hof;Hof;50,31704368;11,91667802;52696;Germany;DE;DEU;Bayern
Wurzburg;Wurzburg;49,80043439;9,950028034;151146;Germany;DE;DEU;Bayern
Ingolstadt;Ingolstadt;48,77041974;11,44998816;141991,5;Germany;DE;DEU;Bayern
Cottbus;Cottbus;51,7704175;14,32996741;94910,5;Germany;DE;DEU;Brandenburg
Potsdam;Potsdam;52,40040489;13,06999263;181693,5;Germany;DE;DEU;Brandenburg
Magdeburg;Magdeburg;52,13042137;11,62000362;227378,5;Germany;DE;DEU;Sachsen-Anhalt
Leipzig;Leipzig;51,33540529;12,40998124;523750;Germany;DE;DEU;Sachsen
Stralsund;Stralsund;54,30041811;13,10001664;60172;Germany;DE;DEU;Mecklenburg-Vorpommern
Rostock;Rostock;54,07038047;12,14999711;200686,5;Germany;DE;DEU;Mecklenburg-Vorpommern
Stuttgart;Stuttgart;48,77997988;9,199996296;1775644;Germany;DE;DEU;Baden-Württemberg
Bremen;Bremen;53,08000165;8,80002071;635705;Germany;DE;DEU;Bremen
Nürnberg;Nurnberg;49,44999066;11,0799849;618270,5;Germany;DE;DEU;Bayern
Cologne;Cologne;50,93000368;6,950004434;983697,5;Germany;DE;DEU;Nordrhein-Westfalen
Dresden;Dresden;51,04997052;13,75000281;552184,5;Germany;DE;DEU;Sachsen
Frankfurt;Frankfurt;50,09997683;8,67501542;1787332;Germany;DE;DEU;Hessen
Hamburg;Hamburg;53,55002464;9,999999144;1748058,5;Germany;DE;DEU;Hamburg
Munich;Munich;48,12994204;11,57499345;1267695,5;Germany;DE;DEU;Bayern
Berlin;Berlin;52,52181866;13,40154862;3250007;Germany;DE;DEU;Berlin
Gibraltar;Gibraltar;36,13243495;-5,37807483;106813,5;Gibraltar;GI;GIB;Gibraltar
Lamia;Lamia;38,89899915;22,43400358;47246;Greece;GR;GRC;Stereá Elláda
Polygyros;Polygyros;40,38100213;23,45300148;5258;Greece;GR;GRC;Kentriki Makedonia
Komatini;Komatini;41,13330309;25,41670256;45631;Greece;GR;GRC;Anatoliki Makedonia kai Thraki
Piraiévs;Piraievs;37,95002077;23,69998979;320881;Greece;GR;GRC;Attiki
Volos;Volos;39,36995994;22,95000972;97528,5;Greece;GR;GRC;Thessalia
Hania;Hania;35,51221092;24,01557776;66646,5;Greece;GR;GRC;Kriti
Kavala;Kavala;40,94121113;24,40176036;56095;Greece;GR;GRC;Anatoliki Makedonia kai Thraki
Alexandroupoli;Alexandroupoli;40,84861937;25,87440978;48711,5;Greece;GR;GRC;Anatoliki Makedonia kai Thraki
Kerkira;Kerkira;39,61542299;19,9147428;32760;Greece;GR;GRC;Ionioi Nisoi
Tripoli;Tripoli;37,50914329;22,37939856;27765,5;Greece;GR;GRC;Peloponnisos
Sparti;Sparti;37,07371767;22,42967973;15842;Greece;GR;GRC;Peloponnisos
Agrinio;Agrinio;38,62176271;21,4077266;59379;Greece;GR;GRC;Dytiki Ellada
Pirgos;Pirgos;37,68373212;21,44999792;22311;Greece;GR;GRC;Dytiki Ellada
Larissa;Larissa;39,63040916;22,42001623;120122,5;Greece;GR;GRC;Thessalia
Ioanina;Ioanina;39,66790041;20,85086137;75158;Greece;GR;GRC;Ipeiros
Mitilini;Mitilini;39,11041506;26,55464758;28825;Greece;GR;GRC;Voreio Aigaio
Hios;Hios;38,36810895;26,1358101;25422;Greece;GR;GRC;Voreio Aigaio
Chalkida;Chalkida;38,46399457;23,61239823;63200;Greece;GR;GRC;Stereá Elláda
Sitia;Sitia;35,20042116;26,09855139;8770;Greece;GR;GRC;Kriti
Katerini;Katerini;40,2723338;22,50249182;50850,5;Greece;GR;GRC;Kentriki Makedonia
Seres;Seres;41,08597923;23,54971472;50910,5;Greece;GR;GRC;Kentriki Makedonia
Xanthi;Xanthi;41,14178977;24,88358679;49395,5;Greece;GR;GRC;Anatoliki Makedonia kai Thraki
Ermoupoli;Ermoupoli;37,45041302;24,93329952;12260;Greece;GR;GRC;Notio Aigaio
Kos;Kos;36,89372866;27,28881466;18967,5;Greece;GR;GRC;Notio Aigaio
Rodos;Rodos;36,44122398;28,22250443;56548,5;Greece;GR;GRC;Notio Aigaio
Patra;Patra;38,23000368;21,72998083;159579,5;Greece;GR;GRC;Dytiki Ellada
Kalamata;Kalamata;37,03891359;22,11419511;61465,5;Greece;GR;GRC;Peloponnisos
Iraklio;Iraklio;35,32501304;25,13049678;134404;Greece;GR;GRC;Kriti
Thessaloniki;Thessaloniki;40,69610638;22,88500077;591145;Greece;GR;GRC;Kentriki Makedonia
Athens;Athens;37,98332623;23,73332108;1985568,5;Greece;GR;GRC;Attiki
Veszprem;Veszprem;47,09099714;17,91099957;62023;Hungary;HU;HUN;Veszprém
Zalaegerszeg;Zalaegerszeg;46,84400103;16,83999959;61898;Hungary;HU;HUN;Zala
Tatabanya;Tatabanya;47,54999718;18,43299957;70541;Hungary;HU;HUN;Komárom-Esztergom
Szekszard;Szekszard;46,34399711;18,71299858;34174;Hungary;HU;HUN;Tolna
Salgotarjan;Salgotarjan;48,10500008;19,82600163;39640;Hungary;HU;HUN;Nógrád
Bekescsaba;Bekescsaba;46,67200211;21,10100457;65206;Hungary;HU;HUN;Békés
Eger;Eger;47,89500314;20,38300258;56647;Hungary;HU;HUN;Heves
Szombathely;Szombathely;47,22534609;16,62874182;94526;Hungary;HU;HUN;Vas
Kecskemet;Kecskemet;46,90004295;19,70002722;111871;Hungary;HU;HUN;Bács-Kiskun
Szekesfehervar;Szekesfehervar;47,19467613;18,40806474;122959,5;Hungary;HU;HUN;Fejér
Nyiregyhaza;Nyiregyhaza;47,96532676;21,71871537;146589;Hungary;HU;HUN;Szabolcs-Szatmár-Bereg
Pecs;Pecs;46,08042889;18,2200142;171455,5;Hungary;HU;HUN;Baranya
Gyor;Gyor;47,70035585;17,63002437;132173;Hungary;HU;HUN;Gyor-Moson-Sopron
Kaposvar;Kaposvar;46,36702639;17,79998816;88137;Hungary;HU;HUN;Somogy
Vac;Vac;47,78365826;19,13324011;35200,5;Hungary;HU;HUN;Pest
Miskolc;Miskolc;48,10040896;20,78001298;210197;Hungary;HU;HUN;Borsod-Abaúj-Zemplén
Szeged;Szeged;46,25039268;20,15002559;176324;Hungary;HU;HUN;Csongrád
Debrecen;Debrecen;47,53046958;21,63003861;217705;Hungary;HU;HUN;Hajdú-Bihar
Szolnok;Szolnok;47,18635622;20,17937781;92367,5;Hungary;HU;HUN;Jász-Nagykun-Szolnok
Budapest;Budapest;47,50000633;19,08332068;1679000;Hungary;HU;HUN;Budapest
Ros Comain;Ros Comain;53,6333333;-8,1833333;4860;Ireland;IE;IRL;Roscommon
Muineachan;Muineachan;54,25;-6,9666667;5937;Ireland;IE;IRL;Monaghan
Shannon;Shannon;52,7038489;-8,864146567;8143,5;Ireland;IE;IRL;Clare
Waterford;Waterford;52,2582947;-7,111927939;49275;Ireland;IE;IRL;Kilkenny
Tralee;Tralee;52,26669212;-9,716652671;24662,5;Ireland;IE;IRL;Kerry
Donegal;Donegal;54,65000917;-8,116672812;2229;Ireland;IE;IRL;Donegal
Drogheda;Drogheda;53,71926495;-6,347762697;34987;Ireland;IE;IRL;Louth
Dundalk;Dundalk;54,00041058;-6,416673219;38884;Ireland;IE;IRL;Louth
Galway;Galway;53,272393;-9,048812298;73140;Ireland;IE;IRL;Galway
Kilkenny;Kilkenny;52,65454958;-7,252255291;21401;Ireland;IE;IRL;Kilkenny
Killarney;Killarney;52,05040041;-9,516664878;9601;Ireland;IE;IRL;Kerry
Sligo;Sligo;54,26706097;-8,483317099;17214;Ireland;IE;IRL;Sligo
Cork;Cork;51,89860089;-8,49577112;162852;Ireland;IE;IRL;Cork
Limerick;Limerick;52,664704;-8,623050172;84066;Ireland;IE;IRL;Limerick
Dublin;Dublin;53,33306114;-6,248905682;1013988;Ireland;IE;IRL;Dublin
Potenza;Potenza;40,64200213;15,7989965;69060;Italy;IT;ITA;Basilicata
Campobasso;Campobasso;41,56299912;14,65599656;50762;Italy;IT;ITA;Molise
Aosta;Aosta;45,73700107;7,315002596;34062;Italy;IT;ITA;Valle d'Aosta
Modena;Modena;44,65002525;10,91999467;175034,5;Italy;IT;ITA;Emilia-Romagna
Crotone;Crotone;39,08333661;17,12333695;59313,5;Italy;IT;ITA;Calabria
Vibo Valentia;Vibo Valentia;38,66659202;16,10004024;32168;Italy;IT;ITA;Calabria
Reggio di Calabria;Reggio di Calabria;38,11499778;15,64136023;179034,5;Italy;IT;ITA;Calabria
Caserta;Caserta;41,05996014;14,33735714;164744;Italy;IT;ITA;Campania
Barletta;Barletta;41,31999595;16,27000403;99962;Italy;IT;ITA;Apulia
Ragusa;Ragusa;36,93003135;14,72999467;67361;Italy;IT;ITA;Sicily
Asti;Asti;44,92998232;8,209979206;63410,5;Italy;IT;ITA;Piemonte
Novara;Novara;45,45000226;8,61998002;88966;Italy;IT;ITA;Piemonte
Como;Como;45,81000612;9,08000362;167438;Italy;IT;ITA;Lombardia
Udine;Udine;46,07001609;13,2400081;107019,5;Italy;IT;ITA;Friuli-Venezia Giulia
Treviso;Treviso;45,67001467;12,24001745;128726,5;Italy;IT;ITA;Veneto
Parma;Parma;44,81042889;10,32003129;164734;Italy;IT;ITA;Emilia-Romagna
Ravenna;Ravenna;44,42037518;12,22001868;124302,5;Italy;IT;ITA;Emilia-Romagna
Ferrara;Ferrara;44,85042645;11,60992672;121754;Italy;IT;ITA;Emilia-Romagna
Bologna;Bologna;44,50042198;11,34002071;429694,5;Italy;IT;ITA;Emilia-Romagna
Olbia;Olbia;40,9142849;9,515071858;44341;Italy;IT;ITA;Sardegna
Cagliari;Cagliari;39,22239789;9,103981485;227880;Italy;IT;ITA;Sardegna
Pisa;Pisa;43,72046958;10,40002641;146515;Italy;IT;ITA;Toscana
Livorno;Livorno;43,55113366;10,3022747;145016,5;Italy;IT;ITA;Toscana
Siena;Siena;43,31703168;11,34999426;48731;Italy;IT;ITA;Toscana
Arezzo;Arezzo;43,46172569;11,87497514;82613;Italy;IT;ITA;Toscana
Catanzaro;Catanzaro;38,9003762;16,60000972;90541;Italy;IT;ITA;Calabria
Salerno;Salerno;40,68039675;14,76994055;546922;Italy;IT;ITA;Campania
Benevento;Benevento;41,13370241;14,74999345;59280;Italy;IT;ITA;Campania
Bari;Bari;41,1142204;16,87275793;408554,5;Italy;IT;ITA;Apulia
Foggia;Foggia;41,46047833;15,55996985;147028;Italy;IT;ITA;Apulia
Lecce;Lecce;40,36039044;18,14999263;122942,5;Italy;IT;ITA;Apulia
Brindisi;Brindisi;40,64034751;17,93000606;96759;Italy;IT;ITA;Apulia
Taranto;Taranto;40,50839174;17,22999711;148807;Italy;IT;ITA;Apulia
Messina;Messina;38,2004706;15,5499963;224047,5;Italy;IT;ITA;Sicily
Marsala;Marsala;37,80540428;12,43866166;60481,5;Italy;IT;ITA;Sicily
Siracusa;Siracusa;37,0703587;15,28996049;123110;Italy;IT;ITA;Sicily
Pescara;Pescara;42,45543052;14,21865637;215537,5;Italy;IT;ITA;Abruzzo
L'Aquila;L'Aquila;42,35039817;13,39002478;62201,5;Italy;IT;ITA;Abruzzo
Civitavecchia;Civitavecchia;42,10041343;11,79999263;55674;Italy;IT;ITA;Lazio
Ancona;Ancona;43,60037355;13,49994055;95599;Italy;IT;ITA;Marche
Perugia;Perugia;43,11037762;12,38998246;141998;Italy;IT;ITA;Umbria
Bergamo;Bergamo;45,70040041;9,669993448;160658;Italy;IT;ITA;Lombardia
Trieste;Trieste;45,65037762;13,80002559;213609,5;Italy;IT;ITA;Friuli-Venezia Giulia
Bolzano;Bolzano;46,5004291;11,36001949;95442;Italy;IT;ITA;Trentino-Alto Adige
Trento;Trento;46,08042889;11,11998246;106377;Italy;IT;ITA;Trentino-Alto Adige
Verona;Verona;45,44039044;10,99001623;300333,5;Italy;IT;ITA;Veneto
Sassari;Sassari;40,73000612;8,57000891;102822,5;Italy;IT;ITA;Sardegna
Turin;Turin;45,07038719;7,669960489;1258631,5;Italy;IT;ITA;Piemonte
Genoa;Genoa;44,40998822;8,930038614;624724;Italy;IT;ITA;Liguria
Florence;Florence;43,78000083;11,25000036;935758,5;Italy;IT;ITA;Toscana
Catania;Catania;37,49997072;15,07999914;482908;Italy;IT;ITA;Sicily
Venice;Venice;45,43865928;12,33499874;270816;Italy;IT;ITA;Veneto
Palermo;Palermo;38,12502301;13,35002722;767587,5;Italy;IT;ITA;Sicily
Naples;Naples;40,84002525;14,24501135;1619486;Italy;IT;ITA;Campania
Milan;Milan;45,4699752;9,20500891;2125830,5;Italy;IT;ITA;Lombardia
Rome;Rome;41,89595563;12,48325842;1687226;Italy;IT;ITA;Lazio
Vaduz;Vaduz;47,13372377;9,516669473;20811,5;Liechtenstein;LI;LIE;
Diekirch;Diekirch;49,88330105;6,166701555;6242;Luxembourg;LU;LUX;Diekirch
Grevenmacher;Grevenmacher;49,69999811;6,333300575;3958;Luxembourg;LU;LUX;Grevenmacher
Luxembourg;Luxembourg;49,61166038;6,130002806;91972;Luxembourg;LU;LUX;Luxembourg
Valletta;Valletta;35,89973248;14,51471065;187608;Malta;MT;MLT;
Assen;Assen;53,00000109;6,550002585;62237;Netherlands;NL;NLD;Drenthe
Arnhem;Arnhem;51,98799603;5,922999562;141674;Netherlands;NL;NLD;Gelderland
Maastricht;Maastricht;50,85299707;5,677002477;122378;Netherlands;NL;NLD;Limburg
Zwolle;Zwolle;52,52400009;6,096996529;111805;Netherlands;NL;NLD;Overijssel
Middelburg;Middelburg;51,50199618;3,609999541;46485;Netherlands;NL;NLD;Zeeland
s-Hertogenbosch;'s-Hertogenbosch;51,68333714;5,316660485;134520;Netherlands;NL;NLD;Noord-Brabant
Eindhoven;Eindhoven;51,42997316;5,50001542;303836,5;Netherlands;NL;NLD;Noord-Brabant
Leeuwarden;Leeuwarden;53,25037884;5,783357298;108601;Netherlands;NL;NLD;Friesland
Groningen;Groningen;53,22040651;6,580001179;198941;Netherlands;NL;NLD;Groningen
Utrecht;Utrecht;52,10034568;5,120038614;478224;Netherlands;NL;NLD;Utrecht
Haarlem;Haarlem;52,38043194;4,629991006;248773,5;Netherlands;NL;NLD;Noord-Holland
Rotterdam;Rotterdam;51,9199691;4,479974323;801599,5;Netherlands;NL;NLD;Zuid-Holland
The Hague;The Hague;52,08003684;4,269961302;953862,5;Netherlands;NL;NLD;Zuid-Holland
Amsterdam;Amsterdam;52,34996869;4,916640176;886318;Netherlands;NL;NLD;Noord-Holland
Arendal;Arendal;58,46475606;8,766000553;30916;Norway;NO;NOR;Aust-Agder
Vossavangen;Vossavangen;60,63000316;6,441003463;5571;Norway;NO;NOR;Hordaland
Leikanger;Hermansverk;61,18329612;6,849999471;1965;Norway;NO;NOR;Sogn og Fjordane
Bærum;Baerum;59,91348606;11,34723651;113659;Norway;NO;NOR;Akershus
Hamar;Hamar;60,82000207;11,06900156;29479;Norway;NO;NOR;Hedmark
Tønsberg;Tonsberg;59,26400109;10,42100147;38914;Norway;NO;NOR;Vestfold
Finnsnes;Finnsnes;69,24061729;18,00860592;3611;Norway;NO;NOR;Troms
Gjøvik;Gjovik;60,80002138;10,7000081;20157,5;Norway;NO;NOR;Oppland
Rørvik;Rorvik;64,86801597;11,20530025;2615;Norway;NO;NOR;Nord-Trøndelag
Harstad;Harstad;68,7879059;16,51557043;19203;Norway;NO;NOR;Troms
Ålesund;Alesund;62,54541872;6,388023233;45377;Norway;NO;NOR;Møre og Romsdal
Sandnes;Sandnes;58,84541201;5,690029662;46911;Norway;NO;NOR;Rogaland
Drammen;Drammen;59,75724265;10,19073686;85437,5;Norway;NO;NOR;Buskerud
Moss;Moss;59,43697797;10,66915727;35696,5;Norway;NO;NOR;Ãstfold
Steinkjer;Steinkjer;64,01706016;11,50001094;11193,5;Norway;NO;NOR;Nord-Trøndelag
Svolvær;Svolvaer;68,23328859;14,56669714;4197;Norway;NO;NOR;Nordland
Mo i Rana;Mo i Rana;66,31660972;14,16666988;19131;Norway;NO;NOR;Nordland
Narvik;Narvik;68,38315025;17,28999345;19236,5;Norway;NO;NOR;Nordland
Bodø;Bodo;67,24677227;14,39901132;31383,5;Norway;NO;NOR;Nordland
Haugesund;Haugesund;59,4119149;5,277496703;36219,5;Norway;NO;NOR;Rogaland
Stavanger;Stavanger;58,97000389;5,680004434;136999;Norway;NO;NOR;Rogaland
Skien;Skien;59,19998985;9,600023558;73330;Norway;NO;NOR;Telemark
Namsos;Namsos;64,48331077;11,50001094;9035;Norway;NO;NOR;Nord-Trøndelag
Alta;Alta;69,96664532;23,24167151;12077;Norway;NO;NOR;Finnmark
Vadsø;Vadso;70,09659678;29,76574927;5139;Norway;NO;NOR;Finnmark
Molde;Molde;62,74830039;7,183323526;16171,5;Norway;NO;NOR;Møre og Romsdal
Lillehammer;Lillehammer;61,13328269;10,5000203;19319;Norway;NO;NOR;Oppland
Kirkenes;Kirkenes;69,72500633;30,05164343;2728;Norway;NO;NOR;Finnmark
Kristiansand;Kristiansand;58,16664207;8,000017862;58292;Norway;NO;NOR;Vest-Agder
Hammerfest;Hammerfest;70,66127993;23,68800085;9967;Norway;NO;NOR;Finnmark
Tromsø;Tromso;69,63507623;18,99202525;48900,5;Norway;NO;NOR;Troms
Trondheim;Trondheim;63,41665753;10,41666622;144336;Norway;NO;NOR;Sør-Trøndelag
Bergen;Bergen;60,39100242;5,324522256;200389,5;Norway;NO;NOR;Hordaland
Oslo;Oslo;59,91669029;10,74997921;707500;Norway;NO;NOR;Oslo
Aveiro;Aveiro;40,64100311;-8,650997534;54162;Portugal;PT;PRT;Aveiro
Leiria;Leiria;39,73899603;-8,804996462;45112;Portugal;PT;PRT;Leiria
Viana Do Castelo;Viana Do Castelo;41,69623514;-8,844137484;15555;Portugal;PT;PRT;Viana do Castelo
Beja;Beja;38,01400214;-7,86300241;28756;Portugal;PT;PRT;Beja
Evora;Evora;38,55999611;-7,905995561;55620;Portugal;PT;PRT;Évora
Portalegre;Portalegre;39,29000411;-7,423001549;15581;Portugal;PT;PRT;Portalegre
Santarem;Santarem;39,23100008;-8,682002552;29385;Portugal;PT;PRT;Santarém
Braganca;Braganca;41,80799701;-6,755003426;34375;Portugal;PT;PRT;Bragança
Castelo Branco;Castelo Branco;39,81099615;-7,487999559;33479;Portugal;PT;PRT;Castelo Branco
Guarda;Guarda;40,54100414;-7,262000512;32111;Portugal;PT;PRT;Guarda
Viseu;Viseu;40,65699611;-7,910000431;26364;Portugal;PT;PRT;Viseu
Vila Real;Vila Real;41,29399815;-7,73700249;17001;Portugal;PT;PRT;Vila Real
Braga;Braga;41,55499453;-8,421331219;504326;Portugal;PT;PRT;Braga
Covilha;Covilha;40,28334088;-7,499992108;21219;Portugal;PT;PRT;Castelo Branco
Horta;Horta;38,53465595;-28,64475681;6591,5;Portugal;PT;PRT;Azores
Angra do Heroismo;Angra do Heroismo;38,65039146;-27,21666976;11136,5;Portugal;PT;PRT;Azores
Portimao;Portimao;37,13373985;-8,533314048;49856,5;Portugal;PT;PRT;Faro
Faro;Faro;37,0170803;-7,933273154;31259;Portugal;PT;PRT;Faro
Coimbra;Coimbra;40,20037437;-8,41668034;97856,5;Portugal;PT;PRT;Coimbra
Setubal;Setubal;38,52995953;-8,900010011;117542;Portugal;PT;PRT;Lisboa
Porto;Porto;41,15000633;-8,620001263;793316,5;Portugal;PT;PRT;Porto
Funchal;Funchal;32,64998252;-16,88003972;152807;Portugal;PT;PRT;Madeira
Ponta Delgada;Ponta Delgada;37,74830182;-25,6665835;40791;Portugal;PT;PRT;Azores
Lisbon;Lisbon;38,72272288;-9,144866305;1664901;Portugal;PT;PRT;Lisboa
Falun;Falun;60,61300204;15,64700455;36477;Sweden;SE;SWE;Dalarna
Nykoping;Nykoping;58,76399718;17,01500451;27582;Sweden;SE;SWE;Södermanland
Harnosand;Harnosand;62,63399704;17,93400362;17016;Sweden;SE;SWE;Västernorrland
Karlskrona;Karlskrona;56,20300219;15,29600461;35212;Sweden;SE;SWE;Blekinge
Mariestad;Mariestad;58,70500209;13,82799659;14891;Sweden;SE;SWE;Västra Götaland
Vannersborg;Vannersborg;58,36300214;12,33000061;21835;Sweden;SE;SWE;Västra Götaland
Borlänge;Borlange;60,48332237;15,4166711;38974,5;Sweden;SE;SWE;Dalarna
Västerås;Vasteraas;59,63001528;16,54001339;100186,5;Sweden;SE;SWE;Västmanland
Bollnäs;Bollnas;61,35200319;16,36658728;12771,5;Sweden;SE;SWE;Gävleborg
Gävle;Gavle;60,66698041;17,1666418;68235,5;Sweden;SE;SWE;Gävleborg
Kalmar;Kalmar;56,66701784;16,36658728;34884;Sweden;SE;SWE;Kalmar
Växjö;Vaxjo;56,88369712;14,81670772;53067,5;Sweden;SE;SWE;Kronoberg
Örebro;Orebro;59,2803467;15,2199906;95932;Sweden;SE;SWE;Orebro
Norrköping;Norrkoping;58,59542727;16,17869177;85771;Sweden;SE;SWE;Östergötland
Halmstad;Halmstad;56,67177207;12,85558712;55433;Sweden;SE;SWE;Halland
Karlstad;Karlstad;59,36713727;13,49994055;66703,5;Sweden;SE;SWE;Värmland
Skellefteå;Skelleftea;64,77207867;20,95002844;31075;Sweden;SE;SWE;Västerbotten
Visby;Visby;57,63365135;18,30000932;22281,5;Sweden;SE;SWE;Gotland
Trollhättan;Trollhattan;58,26710105;12,29996212;44532,5;Sweden;SE;SWE;Västra Götaland
Borås;Boras;57,7304413;12,91997595;64115,5;Sweden;SE;SWE;Västra Götaland
Kristianstad;Kristianstad;56,03367149;14,1332869;26763,5;Sweden;SE;SWE;Skåne
Helsingborg;Helsingborg;56,05049217;12,70004106;91164,5;Sweden;SE;SWE;Skåne
Jönköping;Jonkoping;57,7713432;14,16501623;86491;Sweden;SE;SWE;Jönköping
Örnsköldsvik;Ornskoldsvik;63,31800722;18,71667639;26406;Sweden;SE;SWE;Västernorrland
Linköping;Linkoping;58,41001223;15,62993974;94111,5;Sweden;SE;SWE;Östergötland
Östersund;Ostersund;63,1833126;14,64999955;44559;Sweden;SE;SWE;Jämtland
Kiruna;Kiruna;67,8500045;20,21663651;13302;Sweden;SE;SWE;Norrbotten
Umeå;Umea;63,82999147;20,23999426;76101;Sweden;SE;SWE;Västerbotten
Uppsala;Uppsala;59,86005292;17,63999792;130425,5;Sweden;SE;SWE;Uppsala
Göteborg;Goteborg;57,75000083;12,0000321;520940,5;Sweden;SE;SWE;Västra Götaland
Luleå;Lulea;65,59663477;22,15837833;47094,5;Sweden;SE;SWE;Norrbotten
Sundsvall;Sundsvall;62,40005292;17,31665849;60926;Sweden;SE;SWE;Västernorrland
Malmö;Malmo;55,58333722;13,03330237;265448,5;Sweden;SE;SWE;Skåne
Stockholm;Stockholm;59,35075995;18,09733473;1258654,5;Sweden;SE;SWE;Stockholm
Delemont;Delemont;47,36999713;7,344999488;11315;Switzerland;CH;CHE;Jura
Neuchatel;Neuchatel;46,99899914;6,922998615;31270;Switzerland;CH;CHE;Neuchâtel
Aarau;Aarau;47,3900041;8,03400361;15501;Switzerland;CH;CHE;Aargau
Stans;Stans;46,95000307;8,383302547;7475;Switzerland;CH;CHE;Nidwalden
Sion;Sion;46,23900303;7,353999482;28045;Switzerland;CH;CHE;Valais
Herisau;Herisau;47,38329903;9,283302472;15438;Switzerland;CH;CHE;Appenzell Ausserrhoden
Saint Gallen;Saint Gallen;47,42299807;9,361998557;70572;Switzerland;CH;CHE;Sankt Gallen
Bellinzona;Bellinzona;46,19700013;9,019998609;16572;Switzerland;CH;CHE;Ticino
Glarus;Glarus;47,05000204;9,066699587;5681;Switzerland;CH;CHE;Glarus
Schaffhausen;Schaffhausen;47,70600309;8,632998523;33863;Switzerland;CH;CHE;Schaffhausen
Schwyz;Schwyz;47,01999604;8,648001603;14177;Switzerland;CH;CHE;Schwyz
Frauenfeld;Frauenfeld;47,56799717;9,108000502;21979;Switzerland;CH;CHE;Thurgau
Altdorf;Altdorf;46,87900214;8,638002584;8678;Switzerland;CH;CHE;Uri
Zug;Zug;47,17899903;8,487000565;23435;Switzerland;CH;CHE;Zug
Fribourg;Fribourg;46,80000008;7,149996522;32827;Switzerland;CH;CHE;Fribourg
Liestal;Liestal;47,48300112;7,737003468;12832;Switzerland;CH;CHE;Basel-Landschaft
Solothurn;Solothurn;47,2120021;7,536996608;14853;Switzerland;CH;CHE;Solothurn
Sarnen;Sarnen;46,89900002;8,243001529;9410;Switzerland;CH;CHE;Obwalden
Appenzell;Appenzell;47,3333041;9,416700505;5649;Switzerland;CH;CHE;Appenzell Innerrhoden
Chur;Chur;46,85002016;9,500029662;35361;Switzerland;CH;CHE;Graubünden
Biel;Biel;47,16658999;7,2500378;63661;Switzerland;CH;CHE;Bern
Luzern;Luzern;47,05042137;8,280000772;163745,5;Switzerland;CH;CHE;Lucerne
Lugano;Lugano;46,0003821;8,966677204;65876,5;Switzerland;CH;CHE;Ticino
Lausanne;Lausanne;46,53042727;6,650022744;191226,5;Switzerland;CH;CHE;Vaud
Basel;Basel;47,58038902;7,590017048;500317,5;Switzerland;CH;CHE;Basel-Stadt
Bern;Bern;46,91668276;7,466975462;198480;Switzerland;CH;CHE;Bern
Zürich;Zurich;47,37998781;8,55001013;724865;Switzerland;CH;CHE;Zürich
Geneva;Geneva;46,21000755;6,140028034;716192,5;Switzerland;CH;CHE;Genève
Greenock;Greenock;55,93329002;-4,750030763;59065;United Kingdom;GB;GBR;Inverclyde
Sunderland;Sunderland;54,92001853;-1,380029746;315449,5;United Kingdom;GB;GBR;Tyne and Wear
Southampton;Southampton;50,90003135;-1,399976849;384417;United Kingdom;GB;GBR;Southampton
Bristol;Bristol;51,44999778;-2,583315472;492120,5;United Kingdom;GB;GBR;Bristol
Bournemouth;Bournemouth;50,72999005;-1,900049684;295272,5;United Kingdom;GB;GBR;Bournemouth
Omagh;Omagh;54,60001223;-7,300004315;18691;United Kingdom;GB;GBR;Omagh
Chester;Chester;53,20002016;-2,919987428;83285,5;United Kingdom;GB;GBR;Cheshire
Swansea;Swansea;51,6299868;-3,950002077;232611;United Kingdom;GB;GBR;Swansea
Carlisle;Carlisle;54,87999514;-2,929986818;69270;United Kingdom;GB;GBR;Cumbria
Southend-on-Sea;Southend;51,55001752;0,71999711;395993;United Kingdom;GB;GBR;Southend-on-Sea
Reading;Reading;51,46997072;-0,980028322;257752;United Kingdom;GB;GBR;Oxfordshire
Leicester;Leicester;52,62997744;-1,133248943;398611;United Kingdom;GB;GBR;Leicester
Bradford;Bradford;53,80003522;-1,749981325;397708,5;United Kingdom;GB;GBR;West Yorkshire
Sheffield;Sheffield;53,36667666;-1,499996583;922800;United Kingdom;GB;GBR;South Yorkshire
Fort William;Fort William;56,81647795;-5,112075806;9652;United Kingdom;GB;GBR;Highland
Ayr;Ayr;55,4503996;-4,61667973;57277,5;United Kingdom;GB;GBR;South Ayrshire
Aberdeen;Aberdeen;57,17039797;-2,079987021;186577;United Kingdom;GB;GBR;Aberdeen
Perth;Perth;56,40034161;-3,469979697;39654;United Kingdom;GB;GBR;Perthshire and Kinross
Dundee;Dundee;56,47038902;-3,000008384;151013,5;United Kingdom;GB;GBR;Dundee
Middlesbrough;Middlesbrough;54,58037518;-1,230013063;279374,5;United Kingdom;GB;GBR;Stockton-on-Tees
Coventry;Coventry;52,42040367;-1,499996583;348292;United Kingdom;GB;GBR;West Midlands
Bath;Bath;51,3837486;-2,350022218;92679;United Kingdom;GB;GBR;Bath and North East Somerset
Exeter;Exeter;50,70040529;-3,529950197;108242;United Kingdom;GB;GBR;Devon
Cambridge;Cambridge;52,20039125;0,116623086;128488;United Kingdom;GB;GBR;Cambridgeshire
Kingston upon Hull;Kingston upon Hull;53,75042584;-0,32999048;297398,5;United Kingdom;GB;GBR;Kingston upon Hull
Londonderry;Londonderry;55,00037539;-7,333283937;82635;United Kingdom;GB;GBR;Derry
Lisburn;Lisburn;54,52037884;-6,670016929;12899;United Kingdom;GB;GBR;Dungannon
Penzance;Penzance;50,13372154;-5,550033611;18150,5;United Kingdom;GB;GBR;Cornwall
York;York;53,97038658;-1,080022218;151574,5;United Kingdom;GB;GBR;York
Blackpool;Blackpool;53,83039512;-3,050005332;207946,5;United Kingdom;GB;GBR;Lancashire
Dumfries;Dumfries;55,06708966;-3,550000652;31044;United Kingdom;GB;GBR;Dumfries and Galloway
Scarborough;Scarborough;54,28039349;-0,429984376;70571;United Kingdom;GB;GBR;North Yorkshire
Plymouth;Plymouth;50,38538576;-4,159989259;239436;United Kingdom;GB;GBR;Plymouth
Ipswich;Ipswich;52,07034751;1,169995482;139012;United Kingdom;GB;GBR;Suffolk
Norwich;Norwich;52,63036501;1,300013386;184196;United Kingdom;GB;GBR;Norfolk
Brighton;Brighton;50,83034568;-0,169974407;321004,5;United Kingdom;GB;GBR;Brighton and Hove
Kirkwall;Kirkwall;58,96698081;-2,950011435;5826,5;United Kingdom;GB;GBR;Moray
Inverness;Inverness;57,46712404;-4,23326644;42956,5;United Kingdom;GB;GBR;Highland
Oxford;Oxford;51,7704175;-1,249986004;173681;United Kingdom;GB;GBR;Oxfordshire
Luton;Luton;51,88035911;-0,420010825;214813,5;United Kingdom;GB;GBR;Luton
Portsmouth;Portsmouth;50,80034751;-1,080022218;323676;United Kingdom;GB;GBR;Portsmouth
Peterborough;Peterborough;52,58041974;-0,249995363;140141;United Kingdom;GB;GBR;Peterborough
Nottingham;Nottingham;52,97034426;-1,170016725;565650;United Kingdom;GB;GBR;Nottingham
Stoke;Stoke;53,00036826;-2,180006756;325610;United Kingdom;GB;GBR;Stoke-on-Trent
Dover;Dover;51,13371218;1,300013386;32270;United Kingdom;GB;GBR;Kent
Edinburgh;Edinburgh;55,94832786;-3,219090618;470378,5;United Kingdom;GB;GBR;Edinburgh
Newcastle;Newcastle;55,00037539;-1,59999048;537191;United Kingdom;GB;GBR;Tyne and Wear
Liverpool;Liverpool;53,41600181;-2,917997886;639972,5;United Kingdom;GB;GBR;Merseyside
Cardiff;Cardiff;51,49999473;-3,22500757;603750;United Kingdom;GB;GBR;Cardiff
Wick;Wick;58,43329246;-3,083362469;7147;United Kingdom;GB;GBR;Highland
Leeds;Leeds;53,83000755;-1,580017539;992061,5;United Kingdom;GB;GBR;West Yorkshire
Lerwick;Lerwick;60,15003522;-1,149992108;5604;United Kingdom;GB;GBR;Aberdeen
Manchester;Manchester;53,50041526;-2,247987103;1312757,5;United Kingdom;GB;GBR;Manchester
Birmingham;Birmingham;52,47497398;-1,919996787;1634666,5;United Kingdom;GB;GBR;West Midlands
Belfast;Belfast;54,60001223;-5,960034425;362588;United Kingdom;GB;GBR;Belfast
Glasgow;Glasgow;55,87440472;-4,250707236;885134;United Kingdom;GB;GBR;Glasgow
London;London;51,49999473;-0,116721844;7994104,5;United Kingdom;GB;GBR;Westminster
